<?xml version="1.0" encoding="UTF-8"?>
<!-- edited with XMLSPY v5 rel. 2 U (http://www.xmlspy.com) by 123 (456) -->
<!--Sample XML file generated by XMLSPY v5 rel. 2 U (http://www.xmlspy.com)-->
<COS_ROLE_MAP xmlns:xsi="http://www.w3.org/2001/XMLSchema-instance" xsi:noNamespaceSchemaLocation="C:\Users\Administrator\Desktop\COS\sprint5\HASE_COS_ROLE_MAP_V5.xsd">
	<COS_ROLE roleName="String">
		<workflow workflowName="String">
			<applicationStatus statusName="String" nextStatus="String" previousStatus="String" entryCurrentStatusDatetime="String" leaveCurrentStatusDatetime="String" handler="String">
				<applicationField fieldName="String">
					<fieldElement elementName="String" elementId="String">String</fieldElement>
					<fieldElement elementName="String" elementId="String">String</fieldElement>
				</applicationField>
				<applicationField fieldName="String">
					<fieldElement elementName="String" elementId="String">String</fieldElement>
					<fieldElement elementName="String" elementId="String">String</fieldElement>
				</applicationField>
			</applicationStatus>
			<applicationStatus statusName="String" nextStatus="String" previousStatus="String" entryCurrentStatusDatetime="String" leaveCurrentStatusDatetime="String" handler="String">
				<applicationField fieldName="String">
					<fieldElement elementName="String" elementId="String">String</fieldElement>
					<fieldElement elementName="String" elementId="String">String</fieldElement>
				</applicationField>
				<applicationField fieldName="String">
					<fieldElement elementName="String" elementId="String">String</fieldElement>
					<fieldElement elementName="String" elementId="String">String</fieldElement>
				</applicationField>
			</applicationStatus>
		</workflow>
		<workflow workflowName="String">
			<applicationStatus statusName="String" nextStatus="String" previousStatus="String" entryCurrentStatusDatetime="String" leaveCurrentStatusDatetime="String" handler="String">
				<applicationField fieldName="String">
					<fieldElement elementName="String" elementId="String">String</fieldElement>
					<fieldElement elementName="String" elementId="String">String</fieldElement>
				</applicationField>
				<applicationField fieldName="String">
					<fieldElement elementName="String" elementId="String">String</fieldElement>
					<fieldElement elementName="String" elementId="String">String</fieldElement>
				</applicationField>
			</applicationStatus>
			<applicationStatus statusName="String" nextStatus="String" previousStatus="String" entryCurrentStatusDatetime="String" leaveCurrentStatusDatetime="String" handler="String">
				<applicationField fieldName="String">
					<fieldElement elementName="String" elementId="String">String</fieldElement>
					<fieldElement elementName="String" elementId="String">String</fieldElement>
				</applicationField>
				<applicationField fieldName="String">
					<fieldElement elementName="String" elementId="String">String</fieldElement>
					<fieldElement elementName="String" elementId="String">String</fieldElement>
				</applicationField>
			</applicationStatus>
		</workflow>
		<applicationListFields>
			<applicationField fieldName="String">
				<fieldElement elementName="String" elementId="String">String</fieldElement>
				<fieldElement elementName="String" elementId="String">String</fieldElement>
			</applicationField>
			<applicationField fieldName="String">
				<fieldElement elementName="String" elementId="String">String</fieldElement>
				<fieldElement elementName="String" elementId="String">String</fieldElement>
			</applicationField>
		</applicationListFields>
	</COS_ROLE>
</COS_ROLE_MAP>
